soort;provincie;categorie;peildatum
Steenuil;Landelijk;1;
Gierzwaluw;Landelijk;2;
Huismus;Landelijk;2;
Roek;Landelijk;2;
Grote gele kwikstaart;Landelijk;3;
Kerkuil;Landelijk;3;
Oehoe;Landelijk;3;
Ooievaar;Landelijk;3;
Slechtvalk;Landelijk;3;
Boomvalk;Landelijk;4;
Buizerd;Landelijk;4;
Havik;Landelijk;4;
Ransuil;Landelijk;4;
Sperwer;Landelijk;4;
Wespendief;Landelijk;4;
Zwarte wouw;Landelijk;4;
Blauwe reiger;Landelijk;5;
Boerenzwaluw;Landelijk;5;
Bonte vliegenvanger;Landelijk;5;
Boomklever;Landelijk;5;
Boomkruiper;Landelijk;5;
Bosuil;Landelijk;5;
Brilduiker;Landelijk;5;
Draaihals;Landelijk;5;
Eidereend;Landelijk;5;
Ekster;Landelijk;5;
Gekraagde roodstaart;Landelijk;5;
Glanskop;Landelijk;5;
Grauwe vliegenvanger;Landelijk;5;
Groene specht;Landelijk;5;
Grote bonte specht;Landelijk;5;
Hop;Landelijk;5;
Huiszwaluw;Landelijk;5;
IJsvogel;Landelijk;5;
Kleine bonte specht;Landelijk;5;
Kleine vliegenvanger;Landelijk;5;
Koolmees;Landelijk;5;
Kortsnavelboomkruiper;Landelijk;5;
Oeverzwaluw;Landelijk;5;
Pimpelmees;Landelijk;5;
Raaf;Landelijk;5;
Ruigpootuil;Landelijk;5;
Spreeuw;Landelijk;5;
Tapuit;Landelijk;5;
Torenvalk;Landelijk;5;
Zeearend;Landelijk;5;
Zwarte kraai;Landelijk;5;
Zwarte mees;Landelijk;5;
Zwarte roodstaart;Landelijk;5;
Zwarte specht;Landelijk;5;
Steenuil;Drenthe;1;
Aalscholver;Drenthe;2;
Blauwe reiger;Drenthe;2;
Gierzwaluw;Drenthe;2;
Huismus;Drenthe;2;
Huiszwaluw;Drenthe;2;
Ringmus;Drenthe;2;
Roek;Drenthe;2;
Zwarte stern;Drenthe;2;
Bosuil;Drenthe;3;
Grote gele kwikstaart;Drenthe;3;
Kerkuil;Drenthe;3;
Oehoe;Drenthe;3;
Raaf;Drenthe;3;
Slechtvalk;Drenthe;3;
Zwarte specht;Drenthe;3;
Boomvalk;Drenthe;4;
Draaihals;Drenthe;4;
Havik;Drenthe;4;
Ransuil;Drenthe;4;
Rode wouw;Drenthe;4;
Sperwer;Drenthe;4;
Wespendief;Drenthe;4;
Zeearend;Drenthe;4;
Zwarte wouw;Drenthe;4;
Bergeend;Drenthe;5;
Boerenzwaluw;Drenthe;5;
Buizerd;Drenthe;5;
Gekraagde roodstaart;Drenthe;5;
Glanskop;Drenthe;5;
IJsvogel;Drenthe;5;
Kleine bonte specht;Drenthe;5;
Kokmeeuw;Drenthe;5;
Kraanvogel;Drenthe;5;
Middelste bonte specht;Drenthe;5;
Oeverzwaluw;Drenthe;5;
Paapje;Drenthe;5;
Ruigpootuil;Drenthe;5;
Scholekster;Drenthe;5;
Spreeuw;Drenthe;5;
Torenvalk;Drenthe;5;
Visdief;Drenthe;5;
Wilde zwaan;Drenthe;5;
Kerkuil;Flevoland;1;
Steenuil;Flevoland;1;
Gierzwaluw;Flevoland;2;
Huismus;Flevoland;2;
Roek;Flevoland;2;
Boerenzwaluw;Flevoland;3;
Grote gele kwikstaart;Flevoland;3;
Slechtvalk;Flevoland;3;
Torenvalk;Flevoland;3;
Bosuil;Flevoland;4;
Ransuil;Flevoland;4;
Boomvalk;Flevoland;5a;
Buizerd;Flevoland;5a;
Havik;Flevoland;5a;
Oehoe;Flevoland;5a;
Ooievaar;Flevoland;5a;
Raaf;Flevoland;5a;
Rode wouw;Flevoland;5a;
Sperwer;Flevoland;5a;
Wespendief;Flevoland;5a;
Zeearend;Flevoland;5a;
Zwarte wouw;Flevoland;5a;
Blauwe reiger;Flevoland;5b;
Draaihals;Flevoland;5b;
Groene specht;Flevoland;5b;
Grote bonte specht;Flevoland;5b;
Huiszwaluw;Flevoland;5b;
IJsvogel;Flevoland;5b;
Kleine bonte specht;Flevoland;5b;
Middelste bonte specht;Flevoland;5b;
Oeverzwaluw;Flevoland;5b;
Spreeuw;Flevoland;5b;
Tapuit;Flevoland;5b;
Zwarte specht;Flevoland;5b;
Huismus;Friesland;1;
Kerkuil;Friesland;1;
Steenuil;Friesland;1;
Aalscholver;Friesland;2;
Blauwe reiger;Friesland;2;
Dwergstern;Friesland;2;
Gierzwaluw;Friesland;2;
Grote stern;Friesland;2;
Grote zilverreiger;Friesland;2;
Huiszwaluw;Friesland;2;
Lepelaar;Friesland;2;
Noordse stern;Friesland;2;
Purperreiger;Friesland;2;
Ringmus;Friesland;2;
Roek;Friesland;2;
Stormmeeuw;Friesland;2;
Zwarte stern;Friesland;2;
Zwartkopmeeuw;Friesland;2;
Bosuil;Friesland;3;
Grote gele kwikstaart;Friesland;3;
IJsvogel;Friesland;3;
Oehoe;Friesland;3;
Ooievaar;Friesland;3;
Raaf;Friesland;3;
Slechtvalk;Friesland;3;
Torenvalk;Friesland;3;
Zwarte specht;Friesland;3;
Boomvalk;Friesland;4;
Buizerd;Friesland;4;
Draaihals;Friesland;4;
Havik;Friesland;4;
Ransuil;Friesland;4;
Sperwer;Friesland;4;
Wespendief;Friesland;4;
Zeearend;Friesland;4;
Zwarte wouw;Friesland;4;
Bergeend;Friesland;5;
Blauwe kiekendief;Friesland;5;
Boerenzwaluw;Friesland;5;
Bontbekplevier;Friesland;5;
Eider;Friesland;5;
Gekraagde roodstaart;Friesland;5;
Glanskop;Friesland;5;
Grote mantelmeeuw;Friesland;5;
Grutto;Friesland;5;
Kleine bonte specht;Friesland;5;
Kleine mantelmeeuw;Friesland;5;
Kokmeeuw;Friesland;5;
Kraanvogel;Friesland;5;
Middelste bonte specht;Friesland;5;
Oeverzwaluw;Friesland;5;
Paapje;Friesland;5;
Ruigpootuil;Friesland;5;
Scholekster;Friesland;5;
Spreeuw;Friesland;5;
Strandplevier;Friesland;5;
Visdief;Friesland;5;
Zilvermeeuw;Friesland;5;
Boomvalk;Gelderland;1;
Buizerd;Gelderland;1;
Gierzwaluw;Gelderland;1;
Grote gele kwikstaart;Gelderland;1;
Havik;Gelderland;1;
Huismus;Gelderland;1;
Kerkuil;Gelderland;1;
Oehoe;Gelderland;1;
Ooievaar;Gelderland;1;
Ransuil;Gelderland;1;
Roek;Gelderland;1;
Slechtvalk;Gelderland;1;
Sperwer;Gelderland;1;
Steenuil;Gelderland;1;
Wespendief;Gelderland;1;
Zwarte wouw;Gelderland;1;
Blauwe reiger;Gelderland;2;
Boerenzwaluw;Gelderland;2;
Bonte vliegenvanger;Gelderland;2;
Boomklever;Gelderland;2;
Boomkruiper;Gelderland;2;
Bosuil;Gelderland;2;
Draaihals;Gelderland;2;
Gekraagde roodstaart;Gelderland;2;
Glanskop;Gelderland;2;
Grauwe vliegenvanger;Gelderland;2;
Groene specht;Gelderland;2;
Grote bonte specht;Gelderland;2;
Grutto;Gelderland;2;
Huiszwaluw;Gelderland;2;
IJsvogel;Gelderland;2;
Kleine bonte specht;Gelderland;2;
Kleine vliegenvanger;Gelderland;2;
Kortsnavelboomkruiper;Gelderland;2;
Kwartel;Gelderland;2;
Middelste bonte specht;Gelderland;2;
Nachtzwaluw;Gelderland;2;
Oeverzwaluw;Gelderland;2;
Patrijs;Gelderland;2;
Raaf;Gelderland;2;
Ruigpootuil;Gelderland;2;
Spreeuw;Gelderland;2;
Tapuit;Gelderland;2;
Torenvalk;Gelderland;2;
Tureluur;Gelderland;2;
Veldleeuwerik;Gelderland;2;
Velduil;Gelderland;2;
Wulp;Gelderland;2;
Zeearend;Gelderland;2;
Zwarte kraai;Gelderland;2;
Zwarte mees;Gelderland;2;
Zwarte roodstaart;Gelderland;2;
Zwarte specht;Gelderland;2;
Aalscholver;Limburg;1;
Blauwe reiger;Limburg;1;
Boerenzwaluw;Limburg;1;
Boomvalk;Limburg;1;
Bosuil;Limburg;1;
Gierzwaluw;Limburg;1;
Grote gele kwikstaart;Limburg;1;
Havik;Limburg;1;
Huismus;Limburg;1;
Huiszwaluw;Limburg;1;
Kerkuil;Limburg;1;
Kokmeeuw;Limburg;1;
Lepelaar;Limburg;1;
Oehoe;Limburg;1;
Ooievaar;Limburg;1;
Raaf;Limburg;1;
Ransuil;Limburg;1;
Rode wouw;Limburg;1;
Roek;Limburg;1;
Slechtvalk;Limburg;1;
Steenuil;Limburg;1;
Torenvalk;Limburg;1;
Visdief;Limburg;1;
Wespendief;Limburg;1;
Zwarte wouw;Limburg;1;
Zwartkopmeeuw;Limburg;1;
Bijeneter;Limburg;2;
Bruine kiekendief;Limburg;2;
Buidelmees;Limburg;2;
Buizerd;Limburg;2;
Draaihals;Limburg;2;
Geelpootmeeuw;Limburg;2;
Gekraagde roodstaart;Limburg;2;
Grauwe klauwier;Limburg;2;
Grauwe vliegenvanger;Limburg;2;
Grote karekiet;Limburg;2;
Grutto;Limburg;2;
IJsvogel;Limburg;2;
Kleine mantelmeeuw;Limburg;2;
Kortsnavelboomkruiper;Limburg;2;
Kuifmees;Limburg;2;
Matkop;Limburg;2;
Middelste bonte specht;Limburg;2;
Nachtzwaluw;Limburg;2;
Oeverloper;Limburg;2;
Oeverzwaluw;Limburg;2;
Patrijs;Limburg;2;
Pontische meeuw;Limburg;2;
Porseleinhoen;Limburg;2;
Ringmus;Limburg;2;
Roerdomp;Limburg;2;
Sperwer;Limburg;2;
Stormmeeuw;Limburg;2;
Waterspreeuw;Limburg;2;
Wulp;Limburg;2;
Zilvermeeuw;Limburg;2;
Zomertaling;Limburg;2;
Zwarte mees;Limburg;2;
Zwarte specht;Limburg;2;
Grote zilverreiger;Limburg;3;
Kraanvogel;Limburg;3;
Boerenzwaluw;Overijssel;1;
Boomvalk;Overijssel;1;
Bosuil;Overijssel;1;
Gierzwaluw;Overijssel;1;
Grote gele kwikstaart;Overijssel;1;
Havik;Overijssel;1;
Huismus;Overijssel;1;
Huiszwaluw;Overijssel;1;
Kerkuil;Overijssel;1;
Oehoe;Overijssel;1;
Ooievaar;Overijssel;1;
Raaf;Overijssel;1;
Ransuil;Overijssel;1;
Roek;Overijssel;1;
Slechtvalk;Overijssel;1;
Sperwer;Overijssel;1;
Steenuil;Overijssel;1;
Torenvalk;Overijssel;1;
Wespendief;Overijssel;1;
Zeearend;Overijssel;1;
Zwarte specht;Overijssel;1;
Zwarte wouw;Overijssel;1;
Blauwe reiger;Overijssel;2;
Bonte vliegenvanger;Overijssel;2;
Buidelmees;Overijssel;2;
Buizerd;Overijssel;2;
Draaihals;Overijssel;2;
Gekraagde roodstaart;Overijssel;2;
Grauwe vliegenvanger;Overijssel;2;
Grutto;Overijssel;2;
IJsvogel;Overijssel;2;
Kemphaan;Overijssel;2;
Kievit;Overijssel;2;
Kleinst waterhoen;Overijssel;2;
Kortsnavelboomkruiper;Overijssel;2;
Kuifmees;Overijssel;2;
Matkop;Overijssel;2;
Middelste bonte specht;Overijssel;2;
Oeverzwaluw;Overijssel;2;
Paapje;Overijssel;2;
Patrijs;Overijssel;2;
Porseleinhoen;Overijssel;2;
Ringmus;Overijssel;2;
Rode wouw;Overijssel;2;
Scholekster;Overijssel;2;
Spreeuw;Overijssel;2;
Tapuit;Overijssel;2;
Tureluur;Overijssel;2;
Veldleeuwerik;Overijssel;2;
Velduil;Overijssel;2;
Wulp;Overijssel;2;
Zomertortel;Overijssel;2;
Zwarte mees;Overijssel;2;
Zwarte stern;Overijssel;2;
